{
  "intents": [
    {
      "intent": "UnrecognizedIntent"
    },
    {
      "intent": "ResetStateIntent"
    },
    {
      "intent": "RestoreStateIntent"
    },
    {
      "intent": "RepeatOptionsIntent"
    },
    {
      "intent": "RepeatSceneIntent"
    },
    {
      "intent": "GoBackIntent"
    },
    {
      "intent": "AMAZON.HelpIntent"
    },
    {
      "intent": "AMAZON.StopIntent"
    },
    {
      "intent": "AMAZON.CancelIntent"
    },
    {
      "intent": "FinalFantasyIntent"
    },
    {
      "intent": "DaggerIntent"
    },
    {
      "intent": "SteinerIntent"
    },
    {
      "intent": "BattleIntent"
    },
    {
      "intent": "TownIntent"
    },
    {
      "intent": "DaggerLooksAtPortraitIntent"
    },
    {
      "intent": "CompanionshipIntent"
    },
    {
      "intent": "TooManyIntent"
    },
    {
      "intent": "FeelingsIntent"
    },
    {
      "intent": "EndIntent"
    }
  ]
}